from,to,since
Anna,John,2019
John,Michael,2020
Michael,Sarah,2018
Sarah,David,2021
David,Emily,2017
Emily,Robert,2019
Robert,Jessica,2020
Jessica,William,2016
William,Ashley,2022
Ashley,James,2018
James,Jennifer,2019
Jennifer,Christopher,2021
Christopher,Amanda,2017
Amanda,Daniel,2020
Daniel,Melissa,2019
Melissa,Matthew,2018
Matthew,Nicole,2021
Nicole,Anthony,2016
Anthony,Elizabeth,2022
Elizabeth,Joshua,2019
Joshua,Stephanie,2020
Stephanie,Andrew,2017
Andrew,Lisa,2021
Lisa,Ryan,2018
Ryan,Michelle,2019
Michelle,Kevin,2020
Kevin,Rachel,2016
Rachel,Brandon,2022
Brandon,Laura,2018
Laura,Tyler,2019
Tyler,Samantha,2021
Samantha,Justin,2017
Justin,Amy,2020
Amy,Jonathan,2019
Jonathan,Megan,2018
Megan,Adam,2021
Adam,Rebecca,2016
Rebecca,Brian,2022
Brian,Kelly,2018
Kelly,Mark,2019
Mark,Christina,2020
Christina,Eric,2017
Eric,Brittany,2021
Brittany,Jason,2018
Jason,Heather,2019
Heather,Jeffrey,2020
Jeffrey,Crystal,2016
Crystal,Jacob,2022
Jacob,Taylor,2018
Taylor,Steven,2019
Steven,Victoria,2021
Victoria,Nathan,2017
Nathan,Kimberly,2020
Kimberly,Joseph,2019
Joseph,Angela,2018
Angela,Timothy,2021
Timothy,Shannon,2016
Shannon,Richard,2022
Richard,Andrea,2018
Andrea,Charles,2019
Charles,Danielle,2020
Danielle,Patrick,2017
Patrick,Kayla,2021
Kayla,Nicholas,2018
Nicholas,Kristen,2019
Kristen,Thomas,2020
Thomas,Cynthia,2016
Cynthia,Gregory,2022
Gregory,Tiffany,2018
Tiffany,Sean,2019
Sean,Jacqueline,2021
Jacqueline,Aaron,2017
Aaron,Katherine,2020
Katherine,Carl,2019
Carl,Monica,2018
Monica,Gary,2021
Gary,Vanessa,2016
Vanessa,Harold,2022
Harold,Cassandra,2018
Cassandra,Douglas,2019
Douglas,Kathryn,2020
Kathryn,Ralph,2017
Ralph,Janet,2021
Janet,Jerry,2018
Jerry,Christine,2019
Christine,Edward,2020
Edward,Kimberly,2016
Kimberly,Philip,2022
Philip,Dorothy,2018
Dorothy,Peter,2019
Peter,Helen,2021
Helen,Lawrence,2017
Lawrence,Sharon,2020
Sharon,Wayne,2019
Wayne,Julie,2018
Julie,Albert,2021
Albert,Joyce,2016
Joyce,Arthur,2022
Arthur,Alice,2018
Alice,Roy,2019
Roy,Frances,2020
Frances,Eugene,2017
Eugene,Marie,2021
Marie,Jack,2018
Jack,Rose,2019
Rose,Carl,2020
Carl,Teresa,2016
Teresa,Bruce,2022
Bruce,Diane,2018
Diane,Joan,2019
Joan,Antonio,2021
Antonio,Martha,2017
Martha,Frank,2020
Frank,Christina,2019
Christina,Raymond,2018
Raymond,Beverly,2021
Beverly,Samuel,2016
Samuel,Deborah,2022
Deborah,Gregory,2018
Gregory,Ruth,2019
Ruth,Patrick,2020
Patrick,Carolyn,2017
Carolyn,Harold,2021
Harold,Janet,2018
Janet,Jacqueline,2019
Jacqueline,Henry,2020
Henry,Julie,2016
Julie,Wayne,2022
Wayne,Evelyn,2018
Evelyn,Philip,2019
Philip,Arthur,2021
Arthur,Ann,2017
Ann,Bobby,2020
Bobby,Judith,2019
Judith,Adam,2018
Adam,Joyce,2021
Joyce,Willie,2016
Willie,Denise,2022
Denise,Scott,2018
Scott,Gloria,2019
Gloria,Roger,2020
Roger,Betty,2017
Betty,Carl,2021
Carl,Jean,2018
Jean,Russell,2019
Russell,Kathleen,2020
Kathleen,Albert,2016
Albert,Cheryl,2022
Cheryl,Joe,2018
Joe,Frances,2019
Frances,Johnny,2021
Johnny,Andrea,2017
Andrea,Anna,2020
Anna,Michael,2018
Sarah,Emily,2019
David,Jessica,2021
Robert,Ashley,2017
William,James,2020
Jennifer,Amanda,2019
Christopher,Melissa,2018
Daniel,Nicole,2021
Matthew,Elizabeth,2016
Anthony,Stephanie,2022