name,age,city
Anna,22,New York
John,24,Los Angeles
Michael,27,Chicago
Sarah,25,Houston
David,29,Phoenix
Emily,23,Philadelphia
Robert,31,San Antonio
Jessica,26,San Diego
William,28,Dallas
Ashley,24,San Jose
James,30,Austin
Jennifer,22,Jacksonville
Christopher,25,Fort Worth
Amanda,27,Columbus
Daniel,29,Charlotte
Melissa,23,San Francisco
Matthew,32,Indianapolis
Nicole,24,Seattle
Anthony,26,Denver
Elizabeth,25,Washington
Joshua,28,Boston
Stephanie,27,El Paso
Andrew,30,Detroit
Lisa,22,Nashville
Ryan,31,Portland
Michelle,24,San Diego
Kevin,26,Las Vegas
Rachel,25,Louisville
Brandon,29,Baltimore
Laura,23,Milwaukee
Tyler,27,Albuquerque
Samantha,28,Tucson
Justin,25,Fresno
Amy,24,Sacramento
Jonathan,30,Kansas City
Megan,26,Mesa
Adam,28,Charlotte
Rebecca,23,Atlanta
Brian,31,Colorado Springs
Kelly,25,Omaha
Mark,27,Raleigh
Christina,24,Miami
Eric,29,Oakland
Brittany,22,Minneapolis
Jason,26,Tulsa
Heather,28,Cleveland
Jeffrey,25,Wichita
Crystal,24,Arlington
Jacob,30,New Orleans
Taylor,26,Bakersfield
Steven,28,Tampa
Victoria,23,Aurora
Nathan,27,Honolulu
Kimberly,25,Anaheim
Joseph,29,Santa Ana
Angela,24,Corpus Christi
Timothy,31,Riverside
Shannon,22,Lexington
Richard,26,Stockton
Andrea,28,Pittsburgh
Charles,25,Saint Paul
Danielle,27,Cincinnati
Patrick,30,Anchorage
Kayla,23,Henderson
Nicholas,24,Greensboro
Kristen,26,Plano
Thomas,29,Newark
Cynthia,25,Lincoln
Gregory,28,Buffalo
Tiffany,27,Jersey City
Sean,31,Chula Vista
Jacqueline,22,Fort Wayne
Aaron,24,Orlando
Katherine,26,St. Petersburg
Carl,28,Chandler
Monica,25,San Antonio
Gary,30,Norfolk
Vanessa,23,Durham
Harold,27,Madison
Cassandra,24,Lubbock
Douglas,29,Irvine
Kathryn,26,Winston-Salem
Ralph,31,Glendale
Janet,22,Garland
Jerry,25,Hialeah
Christine,28,Reno
Edward,27,Chesapeake
Kimberly,30,Gilbert
Philip,24,Baton Rouge
Dorothy,26,Irving
Peter,29,Scottsdale
Helen,23,North Las Vegas
Lawrence,28,Fremont
Sharon,25,Boise
Wayne,31,Richmond
Julie,24,San Bernardino
Albert,27,Birmingham
Joyce,26,Spokane
Arthur,30,Rochester
Alice,22,Des Moines
Roy,25,Modesto
Frances,28,Fayetteville
Eugene,27,Tacoma
Marie,24,Oxnard
Jack,29,Fontana
Rose,26,Columbus
Carl,31,Montgomery
Teresa,23,Moreno Valley
Bruce,25,Shreveport
Diane,28,Aurora
Joan,27,Yonkers
Antonio,30,Akron
Martha,24,Huntington Beach
Frank,26,Little Rock
Christina,29,Augusta
Raymond,25,Amarillo
Beverly,28,Glendale
Samuel,31,Mobile
Deborah,22,Grand Rapids
Gregory,24,Salt Lake City
Ruth,27,Tallahassee
Patrick,26,Huntsville
Carolyn,30,Grand Prairie
Harold,23,McKinney
Janet,25,Overland Park
Jacqueline,28,Garden Grove
Henry,29,Oceanside
Julie,27,Tempe
Wayne,31,Rockford
Evelyn,24,Eugene
Philip,26,Elk Grove
Arthur,28,Salem
Ann,25,Pembroke Pines
Bobby,30,Corona
Judith,23,Cary
Adam,27,Springfield
Joyce,24,Fort Lauderdale
Willie,29,Jackson
Denise,26,Alexandria
Scott,31,Hayward
Gloria,22,Lancaster
Roger,25,Salinas
Betty,28,Palmdale
Carl,27,Hollywood
Jean,24,Sunnyvale
Russell,30,Macon
Kathleen,26,Kansas City
Albert,29,Phoenix
Cheryl,23,Escondido
Joe,25,Killeen
Frances,28,Naperville
Johnny,27,Bellevue
Andrea,31,Syracuse